{
  "total_eeis_tested": 85,
  "significant_eeis": 1,
  "significance_rate": 0.011764705882352941,
  "median_p_value": 0.786469655319558,
  "min_p_value": 0.021554650900248745,
  "favorable_eeis": 1,
  "unfavorable_eeis": 0,
  "avg_identity_significant": 0.91,
  "median_logrank_stat": 5.28138052319197
}