mouse_exon1	mouse_exon2	human_exon1	human_exon2	p_value	median_survival_present	median_survival_absent	n_present	n_absent	prognostic_type	avg_identity	logrank_statistic
chr15:101618188:101618313:-1	chr11:100094934:100095154:-1	ENSE00003590565	ENSE00003673283	0.04249766014712065	25.0	31.0	11	6	Unfavorable	0.925	4.115273221754828
chr15:101618188:101618313:-1	chr11:100095250:100095375:-1	ENSE00003590565	ENSE00003623532	0.04249766014712065	25.0	31.0	11	6	Unfavorable	0.94	4.115273221754828
chr15:101617311:101617531:-1	chr11:100094934:100095154:-1	ENSE00003615991	ENSE00003673283	0.04249766014712065	25.0	31.0	11	6	Unfavorable	0.925	4.115273221754828
chr15:101617311:101617531:-1	chr11:100095250:100095375:-1	ENSE00003615991	ENSE00003623532	0.04249766014712065	25.0	31.0	11	6	Unfavorable	0.94	4.115273221754828
