{
  "total_eeis_tested": 11,
  "significant_eeis": 4,
  "significance_rate": 0.36363636363636365,
  "median_p_value": 0.5958787605815007,
  "min_p_value": 0.04249766014712065,
  "favorable_eeis": 0,
  "unfavorable_eeis": 4,
  "avg_identity_significant": 0.9325,
  "median_logrank_stat": 4.115273221754828
}