{
  "total_eeis_tested": 11,
  "significant_eeis": 5,
  "significance_rate": 0.45454545454545453,
  "median_p_value": 0.8801299581981199,
  "min_p_value": 0.021554650900248745,
  "favorable_eeis": 1,
  "unfavorable_eeis": 4,
  "avg_identity_significant": 0.932,
  "median_logrank_stat": 3.2019994714547897
}